Saidee,13,unavailable
Portie,19,Coendou prehensilis
Erda,15,Psophia viridis
Petronille,20,Dicrostonyx groenlandicus
Alonzo,4,Ateles paniscus
Amalea,9,Paradoxurus hermaphroditus
Warner,15,Irania gutteralis
Gal,8,Odocoileus hemionus
Esme,14,Rhea americana
Delphine,20,Aegypius tracheliotus
Carlin,11,Sus scrofa
Ebenezer,9,Phoenicopterus ruber
Dorry,8,Rhea americana
Catharine,2,Potorous tridactylus
Sofie,10,Felis silvestris lybica
Walther,3,Cereopsis novaehollandiae
Hope,6,Grus canadensis
Elsi,16,Hystrix cristata
Joanna,12,Climacteris melanura
Von,11,Acridotheres tristis
Broderic,9,Semnopithecus entellus
Seth,10,Ctenophorus ornatus
Erica,15,Eumetopias jubatus
Paten,13,Cacatua tenuirostris
Ardyce,3,Connochaetus taurinus
Kirsti,3,Tiliqua scincoides
Dorotea,7,Rangifer tarandus
Jeannie,16,Leptoptilus dubius
Julina,2,Lemur catta
Barrie,6,Felis silvestris lybica
Sidnee,8,Eudromia elegans
Emily,4,Chelodina longicollis
Tatiana,10,Varanus salvator
Alexis,4,unavailable
Theodor,20,Nucifraga columbiana
Donia,11,Equus hemionus
Deanna,19,Centrocercus urophasianus
Eddie,8,Dasyprocta leporina
Grethel,18,Oxybelis fulgidus
Charin,16,Lamprotornis sp.
Batholomew,19,Meles meles
Remy,15,Macropus agilis
Nataline,18,Colobus guerza
Jobie,9,Bison bison
Phillie,10,Gyps bengalensis
Gasper,18,Lepus townsendii
Neal,18,Phaethon aethereus
Adella,12,Galictis vittata
Hugo,11,Amblyrhynchus cristatus
Christalle,6,Priodontes maximus
Michale,2,Grus canadensis
Stu,12,Charadrius tricollaris
Harley,8,Threskionis aethiopicus
Winfield,5,Anhinga rufa
Meredeth,6,Mungos mungo
Izaak,9,Erethizon dorsatum
Bartlett,19,Limosa haemastica
Marquita,19,Echimys chrysurus
Leontyne,4,Egretta thula
Linnell,9,Hyaena brunnea
Katina,2,Amblyrhynchus cristatus
Benedicto,20,Boa caninus
Artemis,14,Chelodina longicollis
Grady,16,Cyrtodactylus louisiadensis
Nissie,1,Anser anser
Flo,12,Tamiasciurus hudsonicus
Alf,3,Microcebus murinus
Jedediah,8,Eolophus roseicapillus
Betteann,2,Tadorna tadorna
Ericha,3,Isoodon obesulus
Janina,7,Cervus duvauceli
Pooh,12,Ciconia episcopus
Gorden,9,Lemur fulvus
Moses,13,Ara ararauna
Clayson,14,Phalaropus fulicarius
Linnie,15,Phaethon aethereus
Cornelia,9,Vulpes chama
Philipa,2,Marmota monax
Dehlia,16,Arctogalidia trivirgata
Alvan,1,Pseudalopex gymnocercus
Conni,1,Genetta genetta
Arvie,8,Crotalus cerastes
Bendix,9,Chelodina longicollis
Angelique,19,Macaca fuscata
Kym,19,Taurotagus oryx
Zechariah,11,Macropus eugenii
Kaylee,15,Alces alces
Cathi,10,Alopochen aegyptiacus
Daisy,17,Ursus americanus
Mathilde,18,Pycnonotus nigricans
Holmes,2,Callorhinus ursinus
Morganica,9,Pycnonotus nigricans
Stefano,9,Uraeginthus granatina
Monika,19,Dasyprocta leporina
Mignonne,18,Buteo regalis
Rodd,2,Pycnonotus nigricans
Tadeas,2,Ovis musimon
Frederique,17,Climacteris melanura
Jeri,6,Mabuya spilogaster
Staffard,9,Macropus agilis
Hurley,4,Choriotis kori
Dory,15,Coendou prehensilis
Latashia,13,Pavo cristatus
Paolina,2,Choloepus hoffmani
Karil,18,Ceryle rudis
Romain,3,Gerbillus sp.
Tadd,2,Ploceus rubiginosus
Shirline,3,Oncorhynchus nerka
Noreen,7,Tetracerus quadricornis
Lyndsay,2,Pan troglodytes
Haroun,20,Lorythaixoides concolor
Sibby,14,Cordylus giganteus
Jonas,20,Cynictis penicillata
Finlay,18,Crotaphytus collaris
Yolanthe,18,Gyps bengalensis
Corenda,9,Laniarius ferrugineus
Adiana,3,Perameles nasuta
Marney,16,Tauraco porphyrelophus
Modestia,13,Ursus arctos
Binny,13,Phalacrocorax albiventer
Gasper,18,Chelodina longicollis
Garald,15,Geococcyx californianus
Dyane,4,Hymenolaimus malacorhynchus
Robinet,7,Erinaceus frontalis
Tamara,16,Eolophus roseicapillus
Patrizia,11,Semnopithecus entellus
Brennen,3,Capreolus capreolus
Dulsea,9,Ovis canadensis
Jolie,7,Hymenolaimus malacorhynchus
Evelyn,1,Macropus fuliginosus
Reba,1,Bison bison
Neall,13,Aegypius occipitalis
Elihu,12,Phalaropus fulicarius
Olivero,9,Connochaetus taurinus
Giulio,7,Cereopsis novaehollandiae
Valma,18,Numida meleagris
Rafi,9,Phascolarctos cinereus
Diahann,2,Marmota caligata
Elyn,4,Trichoglossus haematodus moluccanus
Ibrahim,5,Pavo cristatus
Fraze,16,Picoides pubescens
Honoria,1,Falco mexicanus
Torrie,10,Neotis denhami
Dwain,4,Tachyglossus aculeatus
Kendal,13,Chlidonias leucopterus
Packston,5,Pelecans onocratalus
Emily,4,Platalea leucordia
Marysa,4,Cercatetus concinnus
Cristabel,3,Tockus erythrorhyncus
Hewe,7,Eremophila alpestris
Edita,16,Parus atricapillus
Elsinore,8,Morelia spilotes variegata
Bastien,19,Spilogale gracilis
Daisi,19,Limosa haemastica
Danell,5,Cygnus atratus
Wilfrid,11,Corvus brachyrhynchos
Anya,8,Lamprotornis chalybaeus
Corenda,18,Potos flavus
Rosana,16,Phoca vitulina
Mignon,11,Marmota monax
Lianne,1,Spermophilus parryii
Adriano,10,Plocepasser mahali
Cyrille,8,Merops nubicus
Law,9,Alcelaphus buselaphus cokii
Christalle,6,Dendrocitta vagabunda
Christy,15,Connochaetus taurinus
Robers,15,Plectopterus gambensis
Pandora,3,unavailable
Lisetta,6,Hystrix indica
Bonnibelle,6,Coluber constrictor
Norina,17,Dipodomys deserti
Zenia,5,Papio cynocephalus
Halley,3,Tockus erythrorhyncus
Maison,15,Ursus americanus
Jack,11,Cracticus nigroagularis
Genevra,9,Spermophilus parryii
Jase,19,Varanus sp.
Sampson,5,Ctenophorus ornatus
Yevette,2,Bos mutus
Timoteo,13,Rhea americana
Jarred,18,Felis concolor
Kip,1,Macaca nemestrina
Amargo,8,Zalophus californicus
Angeline,9,Ara ararauna
Ian,4,Aonyx cinerea
Ripley,20,Uraeginthus granatina
Michale,7,Corythornis cristata
Bab,5,Chelodina longicollis
Binky,12,Phascogale calura
Christiane,13,Alopex lagopus
Mildred,15,Columba palumbus
Ruperta,20,Sterna paradisaea
Helga,10,Neotis denhami
Thornton,5,Vulpes vulpes
Keene,9,unavailable
Lane,14,Eremophila alpestris
Anne,5,Nasua nasua
Fredrika,11,Lemur catta
Helenka,3,Sus scrofa
Gualterio,2,Phalacrocorax albiventer
Danya,1,Phylurus milli
Romonda,15,Ursus americanus
Gothart,4,Varanus sp.
Jordon,13,Anthropoides paradisea
Lurlene,6,Isoodon obesulus
Walsh,12,Cercopithecus aethiops
Carmina,18,Macropus rufogriseus
Thadeus,15,Paroaria gularis
Ramona,13,Tockus flavirostris
Estell,10,Junonia genoveua
Lincoln,10,Threskionis aethiopicus
Burk,8,Bassariscus astutus
Beth,5,Bucorvus leadbeateri
Howie,3,Choloepus hoffmani
Tommi,18,Ninox superciliaris
Les,9,Catharacta skua
Theodosia,14,Columba livia
Dame,8,Cynictis penicillata
Leora,7,Rhea americana
Ediva,1,Gekko gecko
Vail,10,Pseudoleistes virescens
Kelli,15,Chelodina longicollis
Camella,8,Notechis semmiannulatus
Dasya,10,Spermophilus parryii
Gizela,2,Pteronura brasiliensis
Mendie,20,Dasyurus viverrinus
Fianna,2,Lybius torquatus
Sinclare,17,Castor fiber
Titos,1,Anser anser
Arnaldo,17,Francolinus leucoscepus
Jason,14,Sarcophilus harrisii
Alys,11,Mellivora capensis
Issiah,13,Gyps bengalensis
Brande,2,Tauraco porphyrelophus
Rolph,11,Microcebus murinus
Ronda,9,Trachyphonus vaillantii
Wendel,20,Dasyurus viverrinus
Oswell,17,Acridotheres tristis
Simone,17,Ctenophorus ornatus
Alexandros,1,Ramphastos tucanus
Talbert,8,Vulpes vulpes
Vere,19,Paraxerus cepapi
Ogden,11,Vulpes chama
Ailee,6,Corythornis cristata
Kennedy,1,Colobus guerza
Law,4,Mycteria ibis
Jaine,5,Mycteria leucocephala
Eddi,16,Varanus salvator
Barnard,5,Ciconia episcopus
Evangelina,2,Hymenolaimus malacorhynchus
Karylin,18,Naja haje
Zenia,16,unavailable
Mary,4,Acrantophis madagascariensis
Carly,14,Macaca nemestrina
Lindy,12,Varanus sp.
Amandi,9,Sula dactylatra
Suzann,19,Acinynox jubatus
Homerus,20,Charadrius tricollaris
Wynny,2,Cercatetus concinnus
Erda,16,Falco mexicanus
Ed,2,Epicrates cenchria maurus
Tristam,9,Dicrostonyx groenlandicus
Lethia,12,Bassariscus astutus
Donetta,7,Antilocapra americana
Raeann,8,Didelphis virginiana
Nanice,7,Sylvicapra grimma
Moise,8,Procyon cancrivorus
Lexie,4,Larus fuliginosus
Sigfried,7,Ramphastos tucanus
Julina,4,Felis silvestris lybica
Allan,9,Phasianus colchicus
Florance,18,Papio ursinus
Nolly,7,Phascogale calura
Cos,4,Ammospermophilus nelsoni
Malynda,10,Zosterops pallidus
Towny,18,Didelphis virginiana
Mandy,20,Ammospermophilus nelsoni
Jerry,14,Creagrus furcatus
Genny,5,Sarcophilus harrisii
Barth,6,Hystrix cristata
Fran,4,Tauraco porphyrelophus
Violet,3,unavailable
Bobinette,6,Oreamnos americanus
Beverlee,5,Upupa epops
Teodoor,12,Papio ursinus
Babara,7,Ceryle rudis
Evey,2,Plegadis ridgwayi
Sebastiano,14,Lybius torquatus
Arlinda,5,Anser caerulescens
Beniamino,5,Oryx gazella
Dalenna,11,Rhabdomys pumilio
Bentley,8,Diomedea irrorata
Leonora,9,Hystrix indica
Madeleine,14,Nesomimus trifasciatus
Ward,18,Rhea americana
Courtney,11,unavailable
Kari,12,Butorides striatus
Binnie,13,Dasyprocta leporina
Willdon,6,Mirounga angustirostris
Micheil,5,Oryx gazella callotis
Raina,6,Cracticus nigroagularis
Pacorro,3,Perameles nasuta
Madella,16,Echimys chrysurus
Saloma,6,Ovibos moschatus
Oswald,7,Erethizon dorsatum
Jamal,20,Buteo jamaicensis
Ardis,18,Ephippiorhynchus mycteria
Tommi,14,Corallus hortulanus cooki
Gery,1,Bassariscus astutus
Candra,12,Ramphastos tucanus
Bartholomew,20,Raphicerus campestris
Nannie,16,Orcinus orca
Viv,11,unavailable
Helga,14,Capra ibex
Fidole,15,Nyctanassa violacea
Leodora,10,Phalacrocorax niger
Holly-anne,12,Corvus albicollis
Garfield,3,Eolophus roseicapillus
Geno,9,Chelodina longicollis
Borden,14,Macropus parryi
Tomlin,16,Dusicyon thous
Domenico,9,Graspus graspus
Cecelia,15,Anser anser
Arabela,4,Actophilornis africanus
Sibeal,13,Vanessa indica
Florie,20,Hystrix indica
Ralina,3,Phalacrocorax albiventer
Bil,4,Galictis vittata
Magda,13,Acridotheres tristis
Cirstoforo,1,Melursus ursinus
Cortie,19,Echimys chrysurus
Shirleen,8,Bettongia penicillata
Cori,8,Axis axis
Wilden,20,Amphibolurus barbatus
Odelle,8,Plegadis falcinellus
Kean,19,Coendou prehensilis
Rheta,13,Funambulus pennati
Junina,8,Heloderma horridum
Jaclyn,6,Corvus albicollis
Giorgi,6,Terrapene carolina
Letizia,15,Eolophus roseicapillus
Kiley,10,Neotis denhami
Shel,7,Coluber constrictor foxii
Keary,11,Panthera pardus
Kristy,20,Canis lupus lycaon
Lars,14,Bison bison
Steve,16,Oryx gazella callotis
Gayle,20,Grus rubicundus
Saloma,15,Axis axis
Danny,6,Ictalurus furcatus
Aeriela,15,Dicrostonyx groenlandicus
Jaymie,20,Delphinus delphis
Joli,6,Larus fuliginosus
Ciel,3,Alopex lagopus
Tildie,15,Mephitis mephitis
El,12,Odocoilenaus virginianus
Stacia,12,Theropithecus gelada
Mandi,20,Platalea leucordia
Bonnibelle,3,Grus canadensis
Glynnis,18,Notechis semmiannulatus
Willabella,12,Varanus sp.
Janel,14,Leprocaulinus vipera
Raffaello,2,Plegadis falcinellus
Rik,6,Tamiasciurus hudsonicus
Gustie,19,Agkistrodon piscivorus
Abram,7,Phascogale calura
Georg,6,unavailable
Winthrop,4,Melursus ursinus
Marleen,14,Phascogale tapoatafa
Vlad,9,Vulpes chama
Jourdan,12,Mirounga leonina
Natalee,5,Felis yagouaroundi
Ransom,15,Naja haje
Adriano,8,Grus canadensis
Yance,20,Tapirus terrestris
Heda,20,Felis silvestris lybica
Conrado,2,Canis aureus
Ferdinand,1,Laniarius ferrugineus
Leontine,7,Kobus defassa
Puff,10,Alopex lagopus
Tucker,5,Acanthaster planci
Adorne,13,Morelia spilotes variegata
Rupert,12,Smithopsis crassicaudata
Thorny,15,Ephipplorhynchus senegalensis
Chery,11,Gyps bengalensis
Chevy,15,Tadorna tadorna
Vaclav,19,Columba livia
Michal,7,Coluber constrictor foxii
Leilah,17,Ciconia ciconia
Vassily,9,Sciurus niger
Tobit,1,Crocodylus niloticus
Merv,3,Aquila chrysaetos
Fabe,12,Cyrtodactylus louisiadensis
Mata,3,Gorilla gorilla
Giorgio,3,Cebus albifrons
Jocelyne,11,Ovis canadensis
Lanette,5,Gyps bengalensis
Sonnnie,1,Buteo regalis
Irwin,1,Erinaceus frontalis
Nara,3,Cyrtodactylus louisiadensis
Cristal,17,Macropus eugenii
Jacquelyn,6,Alopex lagopus
Dimitri,4,Chionis alba
Kerr,17,Castor canadensis
Lissa,17,Streptopelia senegalensis
Lana,16,Semnopithecus entellus
Jason,13,Leptoptilos crumeniferus
Verile,14,Nyctereutes procyonoides
Barri,11,Ramphastos tucanus
Kyle,4,Alcelaphus buselaphus caama
Martha,1,Speotyte cuniculata
Jeffie,12,Laniarius ferrugineus
Pooh,20,Cracticus nigroagularis
Ramsay,9,Macaca nemestrina
Jerri,9,Sarcophilus harrisii
Antonie,10,Tayassu pecari
Vernor,13,unavailable
Andree,8,Colaptes campestroides
Wayne,9,Varanus sp.
Cathyleen,16,Zosterops pallidus
Dawna,3,Zenaida galapagoensis
Moses,7,Amblyrhynchus cristatus
Celia,15,Casmerodius albus
Elsworth,2,Ephipplorhynchus senegalensis
Zenia,4,Elephas maximus bengalensis
Charlotte,5,Ardea cinerea
Matthias,14,Paraxerus cepapi
Jessalin,14,Vanellus armatus
Gunther,10,Centrocercus urophasianus
Bebe,20,Ovis ammon
Paolo,14,Conolophus subcristatus
Breanne,20,Sylvicapra grimma
Stanislaus,6,Colobus guerza
Terrell,18,Lasiorhinus latifrons
Sal,18,Mazama americana
Bernadene,17,Philetairus socius
Borg,6,Oncorhynchus nerka
Parsifal,11,Podargus strigoides
Huntlee,19,Kobus defassa
Claire,1,Cacatua tenuirostris
Flemming,3,Phoenicopterus chilensis
Say,1,Tamandua tetradactyla
Carroll,6,Eolophus roseicapillus
Brandi,7,Pedetes capensis
Suzie,14,Macaca mulatta
Jacklin,16,Hyaena brunnea
Magnum,3,Platalea leucordia
Deanna,5,Antilocapra americana
Lucinda,12,Ictonyx striatus
Cly,7,Phasianus colchicus
Glynn,14,Ovis musimon
Collette,12,Anas bahamensis
Lisle,14,Actophilornis africanus
Shurlocke,14,Fratercula corniculata
Kelcy,5,Theropithecus gelada
Siusan,9,Oncorhynchus nerka
Edik,5,Antechinus flavipes
Pam,6,Columba livia
Mattie,19,Varanus sp.
Emmalee,11,Buteo galapagoensis
Rory,20,Columba livia
Pietra,17,Dendrocygna viduata
Penny,13,Macropus rufogriseus
Joice,6,Lophoaetus occipitalis
Dana,12,Ciconia ciconia
Deni,7,Ciconia episcopus
Rufus,9,Macropus agilis
Daria,16,Fratercula corniculata
Kimberli,6,Vanellus chilensis
Jade,3,Bassariscus astutus
Theodosia,18,Erethizon dorsatum
Daryl,11,Echimys chrysurus
Emilio,12,Castor canadensis
Cristin,8,Redunca redunca
Ada,4,Dasyurus maculatus
Julieta,14,Mycteria leucocephala
Lynn,8,Meles meles
Moyna,10,Bucephala clangula
Paulie,8,Centrocercus urophasianus
Dorine,8,Threskionis aethiopicus
Elspeth,8,Papio ursinus
Alister,13,Francolinus coqui
Judd,7,Alces alces
Jenica,5,Naja nivea
Currie,19,Papio cynocephalus
Adoree,18,Bubalus arnee
Kathe,17,Sterna paradisaea
Tobi,4,Papio cynocephalus
Leodora,4,Otaria flavescens
Garnet,15,Cyrtodactylus louisiadensis
Catlee,12,Sciurus vulgaris
Ronny,12,Graspus graspus
Laurence,18,Sylvicapra grimma
Lenore,15,Graspus graspus
Nicolis,12,Cebus albifrons
Florri,12,Ciconia episcopus
Emmanuel,18,Sauromalus obesus
Karyn,13,Junonia genoveua
Chip,9,Physignathus cocincinus
Dewain,3,Colaptes campestroides
Ryann,20,Varanus salvator
Corbet,5,Gymnorhina tibicen
Clare,15,Centrocercus urophasianus
Gizela,7,Cordylus giganteus
Brice,1,Phalaropus lobatus
Wesley,10,Geospiza sp.
Papagena,3,Bubalus arnee
Chrystel,8,Climacteris melanura
Tore,4,Macaca mulatta
Corette,8,Tringa glareola
Lilah,1,Funambulus pennati
Thatch,18,Uraeginthus granatina
Claudine,15,Terrapene carolina
Alexandros,9,Bubo virginianus
Jessamine,18,Toxostoma curvirostre
Vlad,13,Chlidonias leucopterus
Fee,9,Larus fuliginosus
Helsa,16,Tachyglossus aculeatus
Kimberli,16,Parus atricapillus
Sarajane,6,Chauna torquata
Tab,15,Didelphis virginiana
Stefanie,19,Eubalaena australis
Sherrie,16,Rhea americana
Baldwin,19,Macropus rufogriseus
Alfreda,12,Gyps fulvus
Earle,16,Mellivora capensis
Tove,1,Anthropoides paradisea
Adora,17,Varanus sp.
Heywood,17,Dasyprocta leporina
Aluino,18,Alcelaphus buselaphus cokii
Stacie,13,Axis axis
Cyrille,6,Aegypius occipitalis
Richie,13,Egretta thula
Aileen,15,Stercorarius longicausus
Sol,18,Bassariscus astutus
Merna,6,Phoeniconaias minor
Barbabas,10,Varanus albigularis
Melba,12,Psophia viridis
Drew,5,Uraeginthus bengalus
Chrotoem,10,Uraeginthus granatina
Ethelbert,4,Theropithecus gelada
Rivy,7,Eubalaena australis
Daisy,10,Phascolarctos cinereus
Johannes,17,Vulpes vulpes
Daisi,10,Odocoileus hemionus
Janey,19,Gyps bengalensis
Faina,4,Uraeginthus granatina
Cello,12,Giraffe camelopardalis
Kurtis,7,Sitta canadensis
Verna,14,Macropus agilis
Susie,4,Acanthaster planci
Jacintha,7,Chlamydosaurus kingii
Montague,5,Butorides striatus
Jefferson,13,Chlidonias leucopterus
Ted,9,Nannopterum harrisi
Moise,4,Bassariscus astutus
Langsdon,17,Nectarinia chalybea
Wally,6,unavailable
Olly,17,Cygnus buccinator
Ingar,15,Ovis musimon
Ester,5,Anthropoides paradisea
Tedman,10,Butorides striatus
Balduin,8,Plegadis ridgwayi
Phip,14,Cercatetus concinnus
Urbano,20,Limnocorax flavirostra
Nigel,7,Chionis alba
Dill,7,Acridotheres tristis
Pearle,6,Larus fuliginosus
Harlin,7,Sula nebouxii
Dominick,18,Speotyte cuniculata
Anitra,16,Gymnorhina tibicen
Ferdinanda,5,Ciconia episcopus
Erroll,6,Sciurus niger
Shermy,19,Mazama americana
Baxter,1,Pseudocheirus peregrinus
Christoforo,4,Ictalurus furcatus
Emmanuel,2,Bugeranus caruncalatus
Rhea,19,Bassariscus astutus
Vassili,10,Pteronura brasiliensis
Larisa,17,Bassariscus astutus
Erica,15,Paroaria gularis
Matthias,14,Otaria flavescens
Tully,16,Corvus albicollis
Mendel,12,Nyctanassa violacea
Fielding,12,Calyptorhynchus magnificus
Leslie,5,Haliaeetus leucoryphus
Vladamir,11,Tringa glareola
Benjy,11,Neophron percnopterus
Waite,17,Tachyglossus aculeatus
Dierdre,19,Callorhinus ursinus
Tarrance,6,Limnocorax flavirostra
Debora,16,Himantopus himantopus
Connie,4,Larus sp.
Batholomew,8,Vulpes chama
Paulie,18,Cathartes aura
Kassandra,17,unavailable
Tomasina,13,Meleagris gallopavo
Early,6,Phalaropus lobatus
Trefor,20,Ephipplorhynchus senegalensis
Dal,20,Lemur catta
Martie,18,Cordylus giganteus
Quincey,13,Bucorvus leadbeateri
Kathrine,4,Sarkidornis melanotos
Lawton,6,Gabianus pacificus
Alma,10,Didelphis virginiana
Ralph,4,Haliaetus leucogaster
Cassandra,14,Castor canadensis
Murdock,12,Thylogale stigmatica
Harrietta,15,Acridotheres tristis
Carleton,19,Herpestes javanicus
Zacharie,11,Sarcophilus harrisii
Anthe,5,Elephas maximus bengalensis
Paige,14,Isoodon obesulus
Nesta,19,Neotoma sp.
Winona,18,Elephas maximus bengalensis
Venus,20,Butorides striatus
Dukey,4,Bubalus arnee
Serene,1,Carduelis uropygialis
Olivero,11,Marmota caligata
Nissie,18,Bubalus arnee
Lynnea,3,Larus dominicanus
Lula,5,Thylogale stigmatica
Ezekiel,19,Ciconia episcopus
Dall,1,Oncorhynchus nerka
Jamil,14,Colobus guerza
Maynord,14,Alopochen aegyptiacus
Olenka,2,unavailable
Roselle,15,Felis rufus
Iago,16,Nyctea scandiaca
Roth,9,Carduelis uropygialis
Otho,4,Pitangus sulphuratus
Keelia,19,Crocuta crocuta
Jourdan,15,Felis chaus
Fredric,9,Ciconia episcopus
Jeanelle,16,Streptopelia senegalensis
Goddard,20,Semnopithecus entellus
Roley,3,Spermophilus tridecemlineatus
Arluene,15,Varanus salvator
Grant,13,Calyptorhynchus magnificus
Stormie,5,Spilogale gracilis
Ermengarde,9,Heloderma horridum
Francine,4,Haematopus ater
Chicky,20,Tockus flavirostris
Web,10,Ovis ammon
Dana,10,Tiliqua scincoides
Francine,5,Ursus americanus
Bernita,13,Gyps bengalensis
Izabel,20,Limnocorax flavirostra
Karena,9,Phalacrocorax carbo
Kirby,18,Deroptyus accipitrinus
Misty,14,Lamprotornis nitens
Joellyn,14,Agkistrodon piscivorus
Pepita,4,Macropus rufus
Valentin,6,Picoides pubescens
Gallagher,3,Genetta genetta
Bat,16,Centrocercus urophasianus
Harald,15,Haliaetus leucogaster
Stacy,14,Dusicyon thous
Sherri,12,Butorides striatus
Kit,14,Actophilornis africanus
Sallyann,19,Helogale undulata
Floyd,12,Corvus brachyrhynchos
Berkley,3,Halcyon smyrnesis
Gertruda,7,Macropus fuliginosus
Valina,12,Cacatua tenuirostris
Adolphe,10,Chlidonias leucopterus
Oriana,9,Pelecanus conspicillatus
Marrissa,12,Dendrohyrax brucel
Rogerio,20,Diceros bicornis
Neala,11,Porphyrio porphyrio
Melisenda,1,Junonia genoveua
Rand,4,Morelia spilotes variegata
Lusa,13,Zalophus californicus
Nanci,10,Dendrohyrax brucel
Clarita,2,Petaurus norfolcensis
Ambrose,6,Limnocorax flavirostra
Miof mela,10,Creagrus furcatus
Lyndel,12,Nasua narica
Mira,11,Tockus flavirostris
Raffarty,4,Ara ararauna
Rebbecca,3,Melursus ursinus
Tully,6,Felis wiedi or Leopardus weidi
Janetta,12,Laniarius ferrugineus
Paddy,7,Myiarchus tuberculifer
Alex,2,Lasiodora parahybana
Aindrea,2,unavailable
Hobey,4,Bubalus arnee
Adham,2,Tapirus terrestris
Brennen,1,Cordylus giganteus
Rodolphe,16,Raphicerus campestris
Ddene,15,Laniarius ferrugineus
Brynna,9,Diomedea irrorata
Shelbi,7,Arctogalidia trivirgata
Cecil,2,Conolophus subcristatus
Sydel,7,Orcinus orca
Penelope,10,Cordylus giganteus
Evania,5,Gopherus agassizii
Bogey,3,Recurvirostra avosetta
Jo,13,Nycticorax nycticorax
Marcille,16,Numida meleagris
Vidovic,9,Tayassu pecari
Marlyn,17,Nyctereutes procyonoides
Fin,19,Irania gutteralis
Andie,20,Butorides striatus
Ugo,7,unavailable
Gerald,3,Phasianus colchicus
Alanah,6,Platalea leucordia
Abe,13,Larus sp.
Filippa,19,Uraeginthus bengalus
Tess,11,Neophron percnopterus
Bert,2,Ciconia ciconia
Clayson,18,Terathopius ecaudatus
Devlin,12,unavailable
Mildred,1,Pycnonotus nigricans
Sherri,7,Pytilia melba
Vannie,3,Kobus defassa
Hinda,12,Gazella thompsonii
Eadmund,13,Canis aureus
Meade,12,Haematopus ater
Donaugh,15,Plegadis ridgwayi
Ardath,10,Priodontes maximus
Ludwig,3,Merops sp.
Luca,13,Nyctereutes procyonoides
Willis,17,Lamprotornis nitens
Ikey,6,Dusicyon thous
Mercy,3,Cochlearius cochlearius
Sterne,15,Junonia genoveua
Tess,17,Papilio canadensis
Wash,3,Gorilla gorilla
Editha,10,Pelecans onocratalus
Mikey,19,Ateles paniscus
Harman,18,Charadrius tricollaris
Maurine,18,Felis pardalis
Cly,5,Caiman crocodilus
Nestor,15,Madoqua kirkii
Stafani,3,Diomedea irrorata
Judith,19,Ciconia ciconia
Garrett,17,Isoodon obesulus
Spenser,4,Ephippiorhynchus mycteria
Caryl,9,Gymnorhina tibicen
Lianna,12,Lamprotornis chalybaeus
Adlai,18,Spizaetus coronatus
Rochester,4,Grus antigone
Christophe,9,Francolinus coqui
Hadley,15,Mycteria ibis
Rudolph,7,Streptopelia decipiens
Margarete,6,Gyps bengalensis
Keri,5,Ardea golieth
Gage,14,Gyps bengalensis
Lucie,5,Cacatua tenuirostris
Woody,1,Phascogale tapoatafa
Inga,13,Corvus brachyrhynchos
Sawyere,2,Mycteria ibis
Dag,19,Trachyphonus vaillantii
Ashla,5,Oryx gazella
Marguerite,2,Coracias caudata
Paulie,3,Butorides striatus
Gnni,18,Deroptyus accipitrinus
Othello,6,Haematopus ater
Arne,19,Merops sp.
Ernie,18,Francolinus swainsonii
Troy,16,Petaurus breviceps
Corey,13,Nannopterum harrisi
Adolphe,20,Dasyurus maculatus
Damara,3,Boa constrictor mexicana
Philis,14,Dendrocitta vagabunda
Josiah,16,Naja sp.
Irvin,3,Hyaena brunnea
Giorgia,17,Tauraco porphyrelophus
Hansiain,6,Tachyglossus aculeatus
Loleta,6,Anathana ellioti
Rosco,11,Phalaropus lobatus
Cleo,3,Spilogale gracilis
Dougy,10,Ephippiorhynchus mycteria
Doralyn,11,Fregata magnificans
Kattie,4,Ardea golieth
Gabie,14,Pteronura brasiliensis
Georgianna,7,Canis dingo
Sherye,15,Lamprotornis nitens
Mikaela,16,Marmota caligata
Koo,12,Graspus graspus
Fidole,11,Anhinga rufa
Jennica,18,Carduelis uropygialis
Suki,19,Upupa epops
Baudoin,17,Ornithorhynchus anatinus
Eddi,17,Laniarius ferrugineus
Mallory,17,Hymenolaimus malacorhynchus
Cori,8,Mirounga leonina
Tam,20,Tamiasciurus hudsonicus
Madelyn,19,Fratercula corniculata
Isabelita,2,Dasypus novemcinctus
Stevena,17,Sarcophilus harrisii
Herman,1,Bucephala clangula
Arluene,4,Cebus albifrons
Giacobo,20,Toxostoma curvirostre
Hetty,6,Eremophila alpestris
Inigo,18,Dicrostonyx groenlandicus
Jade,16,Varanus sp.
Kirbie,3,Redunca redunca
Harriott,4,Lamprotornis chalybaeus
Mandie,14,Eolophus roseicapillus
Marlow,4,Tachybaptus ruficollis
Eran,20,Camelus dromedarius
Silvio,15,Grus canadensis
Di,15,Macropus fuliginosus
Derby,16,Ninox superciliaris
Shanan,15,Mirounga angustirostris
Kristyn,12,Lycaon pictus
Analiese,1,Anthropoides paradisea
Godfree,6,Pteronura brasiliensis
Delainey,12,Elephas maximus bengalensis
Katina,11,Irania gutteralis
Laure,6,Ictonyx striatus
Joannes,2,Limosa haemastica
Myca,16,Sus scrofa
Kermie,8,Ramphastos tucanus
Maxie,11,Pseudalopex gymnocercus
Daniella,9,Tadorna tadorna
Karola,14,Spermophilus parryii
Devinne,12,Macaca mulatta
Alexia,19,Sula dactylatra
Nani,4,Aegypius occipitalis
Stacia,15,Dasypus novemcinctus
Glynn,18,Dicrostonyx groenlandicus
Chloris,9,Tringa glareola
Donnie,2,Felis concolor
Sherline,4,Threskionis aethiopicus
Kacy,17,Macropus fuliginosus
Perri,10,Conolophus subcristatus
Emlyn,10,Ephipplorhynchus senegalensis
Thea,16,Mycteria leucocephala
Desiri,5,Felis wiedi or Leopardus weidi
Martin,12,Petaurus breviceps
Vernor,6,Delphinus delphis
Carlene,9,Paraxerus cepapi
Elliott,15,Tursiops truncatus
Nat,10,Amphibolurus barbatus
Nev,2,Ammospermophilus nelsoni
Regan,12,Mustela nigripes
Elfrieda,18,Bubulcus ibis
Teresina,17,Erinaceus frontalis
Manolo,15,Kobus defassa
Mortie,8,Laniaurius atrococcineus
Cletis,11,Lorythaixoides concolor
Danica,11,Eumetopias jubatus
Arin,9,Climacteris melanura
Dix,12,Ara chloroptera
Berty,4,Vanessa indica
Merrielle,1,Bettongia penicillata
Hermine,5,Lamprotornis superbus
Jenine,8,Phylurus milli
Denna,12,Sauromalus obesus
Evelyn,11,Spheniscus magellanicus
Ardene,10,Ursus maritimus
Stern,10,Phylurus milli
Georgeta,7,Hippopotamus amphibius
Gabey,2,Anthropoides paradisea
Edi,4,Tayassu pecari
Tybie,5,Neophoca cinerea
Juliane,1,Macropus robustus
Jock,18,Macropus robustus
Carter,20,Felis yagouaroundi
Flem,18,Genetta genetta
Petr,11,Delphinus delphis
Juliann,14,Stercorarius longicausus
Westleigh,16,Isoodon obesulus
Dusty,8,Sciurus vulgaris
Quillan,7,Agouti paca
Valdemar,11,Chloephaga melanoptera
Lucien,6,Cordylus giganteus
Benjamen,1,Chordeiles minor
Lotte,16,Phylurus milli
Brigitta,8,Dicrurus adsimilis
Erich,1,Pitangus sulphuratus
Nickie,7,Ardea cinerea
Annabella,2,Crocodylus niloticus
Dyana,16,Paradoxurus hermaphroditus
Karry,12,Crotaphytus collaris
Mahmoud,18,Limosa haemastica
Randall,11,Ammospermophilus nelsoni
Eugine,9,Gerbillus sp.
Sayres,13,Dendrohyrax brucel
Lolly,20,Passer domesticus
Laurice,8,Felis caracal
Josias,6,Macropus rufus
Carleton,13,Cyrtodactylus louisiadensis
Stevy,20,Limnocorax flavirostra
Red,17,Butorides striatus
Frances,10,Odocoilenaus virginianus
Oona,14,Catharacta skua
Karena,12,Bradypus tridactylus
Colline,3,Acridotheres tristis
Aksel,11,Cacatua tenuirostris
Whitman,4,Phalaropus fulicarius
Felizio,2,Plocepasser mahali
Coletta,20,Haliaetus leucogaster
Dorree,6,Damaliscus dorcas
Davy,15,Morelia spilotes variegata
Constantino,15,Leprocaulinus vipera
Dorelle,11,Crotalus adamanteus
Sadye,2,Ceratotherium simum
Dyanna,1,Lepilemur rufescens
Percival,14,Sarkidornis melanotos
Licha,20,Zonotrichia capensis
Jard,2,Threskionis aethiopicus
Ginni,7,Canis latrans
Brana,9,Kobus leche robertsi
Mercie,10,Dusicyon thous
Ashlan,13,Connochaetus taurinus
Vasilis,9,Naja sp.
Barbi,16,Hystrix cristata
Floyd,7,Creagrus furcatus
Horatius,18,Varanus salvator
Mallorie,2,Larus dominicanus
Gates,2,Petaurus breviceps
Morgen,18,unavailable
Barde,18,Eubalaena australis
Caria,17,Milvago chimachima
Knox,17,Bubo virginianus
Willow,5,Psophia viridis
Sula,18,Loris tardigratus
Chad,1,Gyps fulvus
Mina,2,Lemur catta
Adrian,7,Larus fuliginosus
Deva,6,Didelphis virginiana
Chancey,1,Pytilia melba
Minerva,3,Nyctea scandiaca
Ezri,9,Larus fuliginosus
Felic,13,Odocoilenaus virginianus
Flss,11,Gazella granti
Corrianne,16,Microcebus murinus
Jaye,5,Macaca mulatta
Vladamir,13,Sarkidornis melanotos
Kala,10,Paraxerus cepapi
Burton,16,Petaurus breviceps
Sherlock,14,Coluber constrictor
Carey,18,Phoenicopterus ruber
Damien,2,Pycnonotus nigricans
Egan,20,Hymenolaimus malacorhynchus
Marcelo,14,Sciurus vulgaris
Elladine,10,Vulpes vulpes
Latashia,15,Psophia viridis
Danyette,11,Geococcyx californianus
Danie,6,Prionace glauca
Charmaine,4,Tachyglossus aculeatus
Consuelo,18,Felis concolor
Dougy,20,Neophoca cinerea
Eliot,11,Macropus parryi
Lorilee,16,Butorides striatus
Ophelie,1,Larus dominicanus
Susi,16,Ceratotherium simum
Korrie,11,Stercorarius longicausus
Ramon,1,Mustela nigripes
Paulie,2,Pterocles gutturalis
Pollyanna,11,Capreolus capreolus
Janice,15,Lamprotornis sp.
Kinnie,10,Felis silvestris lybica
Ebony,9,Anastomus oscitans
Jannelle,4,Naja nivea
Stavro,2,Cygnus buccinator
Rickert,11,Lophoaetus occipitalis
Adorne,4,Gyps bengalensis
Brod,12,Francolinus coqui
Carlo,4,Felis concolor
Geri,3,Proteles cristatus
Ashlan,17,Trichosurus vulpecula
Molly,11,Damaliscus dorcas
Donaugh,12,Mellivora capensis
Gabrielle,19,Lemur fulvus
Tarrance,6,Cordylus giganteus
Harper,4,Meles meles
Emmalynn,1,Ictalurus furcatus
Blane,12,Canis lupus
Virge,13,Aonyx capensis
Staford,6,Pycnonotus nigricans
Teirtza,20,Papio cynocephalus
Aigneis,7,Merops bullockoides
Fitzgerald,13,Lycaon pictus
Shanda,4,Aonyx capensis
Omar,5,Anhinga rufa
Nicolette,15,Genetta genetta
Danika,6,Naja haje
Stepha,3,Cyrtodactylus louisiadensis
Blinnie,19,Ephippiorhynchus mycteria
Angie,16,Vulpes vulpes
Clayborne,3,Ardea cinerea
Worthington,2,Heloderma horridum
Billy,1,Chelodina longicollis
Welch,12,Gazella thompsonii
Loree,19,Thalasseus maximus
Yasmin,8,Anitibyx armatus
Cass,12,Lamprotornis nitens
Benny,14,Bos frontalis
Fernando,6,Grus antigone
Ulrika,4,Chauna torquata
Emmalee,18,Ammospermophilus nelsoni
Lona,15,Meles meles
Ashien,5,Streptopelia senegalensis
Ruperto,20,Alopochen aegyptiacus
Hunter,20,Castor fiber
